{
  "ene_akan_fbi_swat_dw" : "Reaper Elite", 
  "ene_akan_fbi_swat_dw_r870_sc" : "Reaper Elite", 
  "ene_akan_fbi_swat_dw_ak47_ass_sc" : "Reaper Elite", 
  "ene_akan_fbi_heavy_dw" : "Reaper Heavy Elite", 
  "ene_akan_fbi" : "Reaper HRT", 
  "ene_akan_cs_cop_c45_sc" : "Reaper Security", 
  "ene_akan_cs_cop_raging_bull_sc" : "Reaper Security",  
  "ene_akan_cs_cop_akmsu_smg_sc" : "Reaper Security",
  "ene_akan_cs_cop_r870" : "Reaper Security",  
  "ene_akan_cs_swat_zeal" : "Reaper HRT",  
  "ene_akan_medic_bob" : "Medic", 
  "ene_akan_medic_zdann" : "Medic", 
  "ene_akan_veteran" : "Hard as Fuck Harold",  
  "ene_lapd_veteran_cop" : "SWAT Chief Mardo",  
  "ene_lapd_light" : "LAPD SWAT",  
  "ene_lapd_heavy" : "LAPD Heavy SWAT",  
  "ene_fbi" : "HRT",    
  "ene_nypd_shield" : "Shield",
  "ene_nypd_medic" : "Medic",  
  "ene_nypd_heavy" : "NYPD Heavy SWAT",    
  "ene_nypd_murky" : "Murkywater",  
  "ene_nypd_swat" : "NYPD SWAT",  
  "ene_nypd_veteran_cop" : "Maxim Pain",  
  "ene_murky_fbi_tank_m249" : "Skulldozer",  
  "ene_murky_fbi_tank_medic" : "Medicdozer",
  "ene_murky_fbi_tank_r870" : "Greendozer",      
  "ene_murky_fbi_tank_saiga" : "Blackdozer",  
  "ene_murky_veteran" : "Ray Shatter",    
  "ene_murky_tazer" : "Taser",  
  "ene_murky_medic" : "Medic",
  "ene_murky_cs_cop" : "Murkywater Security",      
  "ene_murky_spook" : "Cloaker",  
  "ene_murky_sniper" : "Sniper",
  "ene_murky_shield_fbi" : "Shield", 
  "ene_murky_shield_yellow" : "Shield",    
  "ene_murky_yellow" : "Murkywater Heavy Recruit",
  "ene_murky_hrt" : "Murkywater HRT",  
  "ene_murkywater_light" : "Murkywater Recruit",   
  "ene_murky_city" : "Murkywater Elite",
  "ene_murky_city_bnl" : "Murkywater Elite",  
  "ene_murky_swat" : "Murkywater Private",  
  "ene_murky_heavy" : "Murkywater Marine",
  "ene_murky_fbi_heavy" : "Murkywater Heavy Marine",    
  "ene_spook_cloak" : "Titan Cloaker",  
  "ene_veteran_cop" : "Jonathan Macclane",    
  "ene_bulldozer_2_sc" : "Headless Blackdozer",  
  "ene_bulldozer_medic" : "Medicdozer",
  "ene_bulldozer_medic_classic" : "Medicdozer",  
  "ene_bulldozer_minigun" : "Benellidozer",
  "ene_bulldozer_minigun_classic" : "Benellidozer",
  "ene_city_heavy_r870_sc" : "GenSec Heavy SWAT",  
  "ene_shield_gensec" : "Shield",  
  "ene_city_swat_1_sc" : "GenSec SWAT",  
  "ene_grenadier" : "Grenadier", 
  "ene_cop_1_forest" : "Cop",
  "ene_cop_2_forest" : "Cop",    
  "ene_fbi_heavy_r870_sc" : "FBI Heavy SWAT",  
  "ene_bravo_shotgun" : "US National Guard",
  "ene_bravo_shotgun_murky" : "Murkywater Special Forces",    
  "ene_bravo_shotgun_ru" : "AKAN Containment Team",        
  "ene_bravo_rifle" : "US National Guard",     
  "ene_bravo_rifle_murky" : "Murkywater Special Forces",    
  "ene_bravo_rifle_ru" : "AKAN Containment Team",     
  "ene_bravo_lmg" : "US National Guard",   
  "ene_bravo_lmg_murky" : "Murkywater Special Forces",     
  "ene_bravo_lmg_ru" : "AKAN Containment Team",     
  "ene_bravo_dmr" : "US National Guard",     
  "ene_bravo_dmr_murky" : "Murkywater Special Forces",         
  "ene_bravo_dmr_ru" : "AKAN Containment Team",  
  "ene_omnia_hrt" : "OMNIA HRT",    
  "ene_omnia_crew" : "OMNIA Crewman",          
  "ene_omnia_city" : "OMNIA Light", 
  "ene_omnia_medic" : "Medic",
  "ene_omnia_shield" : "Shield",
  "ene_omnia_spook" : "Cloaker", 
  "ene_omnia_taser" : "Taser",  
  "ene_omnia_heavy" : "OMNIA Heavy",    
  "ene_swat_heavy_r870_sc" : "Heavy SWAT",  
  "ene_titan_taser" : "Titan Taser",
  "ene_titan_sniper" : "Titan Sniper",
  "ene_titan_shotgun" : "Titan SWAT",
  "ene_titan_rifle" : "Titan SWAT",   
  "ene_omnia_lpf" : "OMNIA LPF",
  "ene_akan_lpf" : "AKAN LPF",    
  "ene_akan_grenadier_1" : "Grenadier",    
  "ene_fbi_titan" : "Titan HRT",    
  "ene_vip" : "Captain Winters",
  "ene_phalanx_1_assault" : "Titan Shield",
  "ene_skele_swat" : "Skeleswat",    
  "ene_vip_2" : "Titandozer",  
  "ene_vip_2_assault" : "Titandozer",    
  "ene_vip_autumn" : "Captain Autumn",
  "ene_summers" : "Captain Summers",
  "ene_phalanx_taser" : "Engineer Elektra",
  "ene_phalanx_grenadier" : "Major Molly",  
  "ene_phalanx_medic" : "Sergeant Doc",    
  "ene_spring" : "Captain Spring",      
  "ene_zeal_city" : "ZEAL SWAT",  
  "ene_zeal_fbi" : "ZEAL HRT",  
  "ene_zeal_swat_heavy_sc" : "ZEAL Heavy SWAT",        
  "ene_zeal_swat_heavy_r870_sc" : "ZEAL Heavy SWAT",    
  "ene_swat_cloaker_policia_federale_sc" : "Cloaker",  
  "ene_swat_dozer_policia_federale_minigun" : "Benellidozer",
  "ene_policia" : "Policía",
  "ene_veteran_enrique" : "Enrique Caín",
  "ene_swat_policia_federale" : "Policía Federal",
  "ene_swat_heavy_policia_federale" : "Policía Federal Heavy",
  "ene_swat_policia_federale_fbi" : "Policía Federal Elite",
  "ene_swat_policia_federale_city" : "Policía Federal Elite",
  "ene_swat_policia_federale_zeal" : "Ejército Mexicano",
  "ene_swat_heavy_policia_federale_fbi" : "Policía Federal Elite Heavy"
}