<mod name="RestorationMod" global_key="restoration" core_class="Core.lua">
	<!--///MOD CONFIG FILE\\\-->
    <Classes directory="classes">
		<class file="callbacks.lua"/>
		<class file="hooks.lua"/>
    </Classes>
	<AssetUpdates id="428" version="9.6.1" provider="modworkshop" use_local_dir="true" use_local_path="true"/>
	<ScriptMods directory="scriptdata/menus">
		<mod file="start_menu.xml" type="custom_xml" target_file="gamedata/menus/start_menu" target_type="menu" merge_mode="script_merge"/>
		<!-- Res Suits -->
		<mod file="res_suit_tps.xml" type="custom_xml" target_file="units/payday2/characters/npc_criminals_suit_1/npc_criminals_suit_1" target_type="sequence_manager" merge_mode="script_merge"/>
		<mod file="res_suit_tps_fem.xml" type="custom_xml" target_file="units/payday2/characters/npc_criminal_female_1/npc_criminal_female_1" target_type="sequence_manager" merge_mode="script_merge"/>
		<mod file="res_suit_tps_bon.xml" type="custom_xml" target_file="units/pd2_dlc_bonnie/characters/npc_criminal_bonnie/npc_criminal_bonnie" target_type="sequence_manager" merge_mode="script_merge"/>
		<mod file="res_suit_tps_fem.xml" type="custom_xml" target_file="units/pd2_dlc_opera/characters/npc_criminals_fem_3/npc_criminal_sydney" target_type="sequence_manager" merge_mode="script_merge"/>
		<mod file="res_suit_tps.xml" type="custom_xml" target_file="units/pd2_dlc_wild/characters/npc_criminals_wild_1/npc_criminal_wild_1" target_type="sequence_manager" merge_mode="script_merge"/>
		<mod file="res_suit_tps.xml" type="custom_xml" target_file="units/pd2_dlc_chico/characters/npc_criminals_terry/npc_criminal_terry" target_type="sequence_manager" merge_mode="script_merge"/>
		<mod file="res_suit_tps.xml" type="custom_xml" target_file="units/pd2_dlc_max/characters/npc_criminals_max/npc_criminal_max" target_type="sequence_manager" merge_mode="script_merge"/>
		<mod file="res_suit_tps_fem.xml" type="custom_xml" target_file="units/pd2_dlc_joy/characters/npc_criminals_joy_1/npc_criminal_joy_1" target_type="sequence_manager" merge_mode="script_merge"/>
		<mod file="res_suit_tps.xml" type="custom_xml" target_file="units/pd2_dlc_myh/characters/npc_criminals_myh/npc_criminal_myh" target_type="sequence_manager" merge_mode="script_merge"/>
		<mod file="res_suit_tps_fem.xml" type="custom_xml" target_file="units/pd2_dlc_ecp/characters/npc_criminals_ecp_female/npc_criminal_ecp_female" target_type="sequence_manager" merge_mode="script_merge"/>
		<mod file="res_suit_tps_ethan.xml" type="custom_xml" target_file="units/pd2_dlc_ecp/characters/npc_criminals_ecp_male/npc_criminal_ecp_male" target_type="sequence_manager" merge_mode="script_merge"/>

		<mod file="res_suits_fps.xml" type="custom_xml" target_file="units/payday2/characters/fps_criminals_suit_1/fps_criminals_suit_1" target_type="sequence_manager" merge_mode="script_merge"/>
	</ScriptMods>	
    <Hooks directory="lua">
		<!--///RESTORATION HUD & UI\\\-->
	    <hook file="tweak_data/tweakdata.lua" source_file="lib/tweak_data/tweakdata"/>
		<hook file="tweak_data/levelstweakdata.lua" source_file="lib/tweak_data/levelstweakdata"/>
		<hook file="managers/HUDManager.lua" source_file="lib/managers/HUDManager"/>
		<hook file="managers/GUIDataManager.lua" source_file="core/lib/managers/coreguidatamanager"/>
		<hook file="managers/ChatManager.lua" source_file="lib/managers/ChatManager"/>
        <hook file="managers/hud/hudassaultcorner.lua" source_file="lib/managers/hud/hudassaultcorner"/>
        <hook file="managers/hud/HUDObjectives.lua" source_file="lib/managers/hud/HUDObjectives"/>
        <hook file="managers/hud/HUDTemp.lua" source_file="lib/managers/hud/HUDTemp"/>
        <hook file="managers/hud/HUDBlackScreen.lua" source_file="lib/managers/hud/HUDBlackScreen"/>
        <hook file="managers/hud/HUDTeammate.lua" source_file="lib/managers/hud/HUDTeammate"/>
		<hook file="managers/hud/HUDInteraction.lua" source_file="lib/managers/hud/HUDInteraction"/>
		<hook file="managers/hud/HUDChat.lua" source_file="lib/managers/hud/HUDChat"/>
		<hook file="managers/hud/HUDHeistTimer.lua" source_file="lib/managers/hud/HUDHeistTimer"/>
		<hook file="managers/hud/HUDHint.lua" source_file="lib/managers/hud/HUDHint"/>
		<hook file="managers/hud/HUDPlayerDowned.lua" source_file="lib/managers/hud/HUDPlayerDowned"/>
		<hook file="managers/hud/HUDPresenter.lua" source_file="lib/managers/hud/HUDPresenter"/>
		<hook file="managers/hud/HUDSuspicion.lua" source_file="lib/managers/hud/HUDSuspicion"/>
		<hook file="managers/hud/hudplayercustody.lua" source_file="lib/managers/hud/HUDPlayerCustody"/>
		<!--<hook file="managers/hud/HUDStageEndScreen.lua" source_file="lib/managers/hud/HUDStageEndScreen"/>-->
		<hook file="managers/hud/HUDMissionBriefing.lua" source_file="lib/managers/hud/HUDMissionBriefing"/>
		<hook file="managers/menu/CircleGUIObject.lua" source_file="lib/managers/menu/CircleGUIObject"/>
		<hook file="managers/menu/StageEndScreenGUI.lua" source_file="lib/managers/menu/StageEndScreenGUI"/>
		<hook file="managers/menu/MissionBriefingGUI.lua" source_file="lib/managers/menu/MissionBriefingGUI"/>
		<hook file="managers/menu/MenuBackdropGUI.lua" source_file="lib/managers/menu/MenuBackdropGUI"/>
		<hook file="managers/menu/MenuPauseRenderer.lua" source_file="lib/managers/menu/MenuPauseRenderer"/>
		<hook file="managers/menu/playerinventorygui.lua" source_file="lib/managers/menu/playerinventorygui"/>
		<hook file="managers/menu/renderers/menunodejukeboxgui.lua" source_file="lib/managers/menu/renderers/menunodejukeboxgui"/>
		<!--///SCRIPTDATA\\\-->
		<hook file="CoreScriptData.lua" source_file="core/lib/managers/coresequencemanager"/>
		<!--///NOTIFICATIONS\\\-->
		<hook file="notify.lua" source_file="lib/managers/menu/menunodegui"/>
        <!--///OVERHAUL\\\-->
		<!-- <hook file="sc/managers/moneymanager.lua" source_file="lib/managers/moneymanager"/>
		<hook file="sc/states/missionendstate.lua" source_file="lib/states/missionendstate"/> -->
		<hook file="sc/managers/featuremanager.lua" source_file="lib/managers/featuremanager"/>
		<hook file="sc/managers/hud/hudtemp.lua" source_file="lib/managers/hud/HUDTemp"/>
		<hook file="sc/managers/mission/elementspawnenemygroup.lua" source_file="lib/managers/mission/elementspawnenemygroup"/>
		<hook file="sc/managers/menu/menuscenemanager.lua" source_file="lib/managers/menu/menuscenemanager"/>
		<hook file="sc/managers/mission/elementpointofnoreturn.lua" source_file="lib/managers/mission/elementpointofnoreturn"/>
		<hook file="sc/tweak_data/charactertweakdata.lua" source_file="lib/tweak_data/charactertweakdata"/>
		<hook file="sc/network/matchmaking/networkmatchmakingsteam.lua" source_file="lib/network/matchmaking/networkmatchmakingsteam"/>
		<hook file="sc/tweak_data/tweakdata.lua" source_file="lib/tweak_data/tweakdata"/>
		<hook file="sc/tweak_data/equipmentstweakdata.lua" source_file="lib/tweak_data/equipmentstweakdata"/>
		<hook file="sc/units/vehicles/vehicledrivingext.lua" source_file="lib/units/vehicles/vehicledrivingext"/>
		<hook file="sc/tweak_data/economytweakdata.lua" source_file="lib/tweak_data/economytweakdata"/>
		<hook file="sc/tweak_data/narrativetweakdata.lua" source_file="lib/tweak_data/narrativetweakdata"/>		
		<hook file="sc/tweak_data/customsafehousetweakdata.lua" source_file="lib/tweak_data/customsafehousetweakdata"/>
		<hook file="sc/units/equipment/grenadecratebase.lua" source_file="lib/units/equipment/grenade_crate/grenadecratebase"/>
		<hook file="sc/tweak_data/infamytweakdata.lua" source_file="lib/tweak_data/infamytweakdata"/>
		<hook file="sc/tweak_data/interactiontweakdata.lua" source_file="lib/tweak_data/interactiontweakdata"/>
		<hook file="sc/tweak_data/levelstweakdata.lua" source_file="lib/tweak_data/levelstweakdata"/>
		<hook file="sc/tweak_data/dlctweakdata.lua" source_file="lib/tweak_data/dlctweakdata"/>
		<hook file="sc/tweak_data/lootdroptweakdata.lua" source_file="lib/tweak_data/lootdroptweakdata"/>
		<hook file="sc/tweak_data/playertweakdata.lua" source_file="lib/tweak_data/playertweakdata"/>
		<hook file="sc/tweak_data/preplanningtweakdata.lua" source_file="lib/tweak_data/preplanningtweakdata"/>
		<hook file="sc/managers/blackmarketmanager.lua" source_file="lib/managers/blackmarketmanager"/>
		<hook file="sc/managers/skilltreemanager.lua" source_file="lib/managers/skilltreemanager"/>
		<hook file="sc/managers/enemymanager.lua" source_file="lib/managers/enemymanager"/>
		<hook file="sc/managers/statisticsmanager.lua" source_file="lib/managers/statisticsmanager"/>
		<hook file="sc/managers/playermanager.lua" source_file="lib/managers/playermanager"/>
		<hook file="sc/managers/groupaistatebesiege.lua" source_file="lib/managers/group_ai_states/groupaistatebesiege"/>
		<hook file="sc/managers/groupaistatebase.lua" source_file="lib/managers/group_ai_states/groupaistatebase"/>
		<hook file="sc/managers/blackmarketgui.lua" source_file="lib/managers/menu/blackmarketgui"/>
		<hook file="sc/tweak_data/blackmarkettweakdata.lua" source_file="lib/tweak_data/blackmarkettweakdata"/>
		<hook file="sc/units/weapons/saw.lua" source_file="lib/units/weapons/sawweaponbase"/>
		<hook file="sc/units/weapons/weaponflashlight.lua" source_file="lib/units/weapons/weaponflashlight"/>
		<hook file="sc/tweak_data/groupaitweakdata.lua" source_file="lib/tweak_data/groupaitweakdata"/>
		<hook file="sc/loc/loc.lua" source_file="lib/managers/localizationmanager"/>
		<hook file="sc/units/weapons/frag.lua" source_file="lib/units/weapons/grenades/fraggrenade"/>
		<hook file="sc/units/weapons/quickcsgrenade.lua" source_file="lib/units/weapons/grenades/quickcsgrenade"/>
		<hook file="sc/units/weapons/newraycastweaponbase.lua" source_file="lib/units/weapons/newraycastweaponbase"/>
		<hook file="sc/units/weapons/newnpcraycastweaponbase.lua" source_file="lib/units/weapons/newnpcraycastweaponbase"/>
		<hook file="sc/units/weapons/newflamethrowerbase.lua" source_file="lib/units/weapons/newflamethrowerbase"/>
		<hook file="sc/units/weapons/newnpcflamethrowerbase.lua" source_file="lib/units/weapons/newnpcflamethrowerbase"/>
		<hook file="sc/units/weapons/flamethrowereffectextension.lua" source_file="lib/units/weapons/flamethrowereffectextension"/>
		<hook file="sc/units/weapons/shotgunbase.lua" source_file="lib/units/weapons/shotgun/shotgunbase"/>
		<hook file="sc/units/weapons/raycastweaponbase.lua" source_file="lib/units/weapons/raycastweaponbase"/>
		<hook file="sc/units/weapons/arrowbase.lua" source_file="lib/units/weapons/projectiles/arrowbase"/>
		<hook file="sc/units/player/playerdamage.lua" source_file="lib/units/beings/player/playerdamage"/>
		<hook file="sc/units/player/playercarry.lua" source_file="lib/units/beings/player/states/playercarry"/>
		<hook file="sc/units/player/playerbleedout.lua" source_file="lib/units/beings/player/states/playerbleedout"/>
		<hook file="sc/units/player/playertased.lua" source_file="lib/units/beings/player/states/playertased"/>
		<hook file="sc/units/player/playermovement.lua" source_file="lib/units/beings/player/playermovement"/>
		<hook file="sc/units/player/playerbipod.lua" source_file="lib/units/beings/player/states/playerbipod"/>
		<hook file="sc/units/player/playerinventory.lua" source_file="lib/units/beings/player/playerinventory"/>
		<hook file="sc/units/player/playerstandard.lua" source_file="lib/units/beings/player/states/playerstandard"/>
		<hook file="sc/units/player/recoil.lua" source_file="lib/units/cameras/fpcameraplayerbase"/>
		<hook file="sc/units/interactions/interactionext.lua" source_file="lib/units/interactions/interactionext"/>
		<hook file="sc/units/enemies/actionspooc.lua" source_file="lib/units/enemies/spooc/actions/lower_body/actionspooc"/>
		<hook file="sc/managers/weaponfactorymanager.lua" source_file="lib/managers/weaponfactorymanager"/>
		<hook file="sc/units/enemies/actions/upper_body/copactionshoot.lua" source_file="lib/units/enemies/cop/actions/upper_body/copactionshoot"/>
		<hook file="sc/units/enemies/actions/full_body/copactionhurt.lua" source_file="lib/units/enemies/cop/actions/full_body/copactionhurt"/>
		<hook file="sc/units/enemies/copbase.lua" source_file="lib/units/enemies/cop/copbase"/>
		<hook file="sc/units/player_team/teamaimovement.lua" source_file="lib/units/player_team/teamaimovement"/>
		<hook file="sc/units/enemies/logics/coplogicintimidated.lua" source_file="lib/units/enemies/cop/logics/coplogicintimidated"/>
		<hook file="sc/units/enemies/logics/coplogictravel.lua" source_file="lib/units/enemies/cop/logics/coplogictravel"/>
		<hook file="sc/units/enemies/logics/coplogicbase.lua" source_file="lib/units/enemies/cop/logics/coplogicbase"/>
		<hook file="sc/units/enemies/logics/coplogicidle.lua" source_file="lib/units/enemies/cop/logics/coplogicidle"/>
		<hook file="sc/units/enemies/logics/coplogicattack.lua" source_file="lib/units/enemies/cop/logics/coplogicattack"/>
		<hook file="sc/units/enemies/medicdamage.lua" source_file="lib/units/enemies/medic/medicdamage"/>
		<hook file="sc/units/enemies/logics/tankcoplogicattack.lua" source_file="lib/units/enemies/tank/logics/tankcoplogicattack"/>
		<hook file="sc/units/player_team/logics/teamailogicassault.lua" source_file="lib/units/player_team/logics/teamailogicassault"/>
		<hook file="sc/units/enemies/logics/spooclogicattack.lua" source_file="lib/units/enemies/spooc/logics/spooclogicattack"/>
		<hook file="sc/tweak_data/enveffecttweakdata.lua" source_file="lib/tweak_data/enveffecttweakdata"/>
		<hook file="sc/tweak_data/weapontweakdata.lua" source_file="lib/tweak_data/weapontweakdata"/>
		<hook file="sc/units/enemies/copdamage.lua" source_file="lib/units/enemies/cop/copdamage"/>
		<hook file="sc/units/enemies/copmovement.lua" source_file="lib/units/enemies/cop/copmovement"/>
		<hook file="sc/units/enemies/copinventory.lua" source_file="lib/units/enemies/cop/copinventory"/>
		<hook file="sc/units/enemies/huskcopinventory.lua" source_file="lib/units/enemies/cop/huskcopinventory"/>
		<hook file="sc/units/enemies/copbrain.lua" source_file="lib/units/enemies/cop/copbrain"/>
		<hook file="sc/units/civilians/civilianbrain.lua" source_file="lib/units/civilians/civilianbrain"/>
		<hook file="sc/units/civilians/civiliandamage.lua" source_file="lib/units/civilians/civiliandamage"/>
		<hook file="sc/units/enemies/huskcopdamage.lua" source_file="lib/units/enemies/cop/huskcopdamage"/>
		<hook file="sc/utils/inventorydescription.lua" source_file="lib/utils/inventorydescription"/>
		<hook file="sc/units/pickups/ammoclip.lua" source_file="lib/units/pickups/ammoclip"/>
		<hook file="sc/player_actions/skills/playeractionstockholmsyndrometrade.lua" source_file="lib/player_actions/skills/playeractionstockholmsyndrometrade"/>
		<hook file="sc/player_actions/skills/playeractiondamagecontrol.lua" source_file="lib/player_actions/skills/playeractiondamagecontrol"/>
		<hook file="sc/units/equipment/sentrygundamage.lua" source_file="lib/units/equipment/sentry_gun/sentrygundamage"/>
		<hook file="sc/units/enemies/securitycamera.lua" source_file="lib/units/props/securitycamera"/>
		<hook file="sc/states/ingamewaitingforplayers.lua" source_file="lib/states/ingamewaitingforplayers"/>
		<hook file="sc/managers/hud/hudassaultcorner.lua" source_file="lib/managers/hud/hudassaultcorner"/>
		<hook file="sc/tweak_data/dramatweakdata.lua" source_file="lib/tweak_data/dramatweakdata"/>
		<hook file="sc/managers/mission/elementspawnenemydummy.lua" source_file="lib/managers/mission/elementspawnenemydummy"/>
		<hook file="sc/managers/mission/elementfilter.lua" source_file="lib/managers/mission/elementfilter"/>
		<hook file="sc/tweak_data/crimespreetweakdata.lua" source_file="lib/tweak_data/crimespreetweakdata"/>
		<hook file="sc/managers/menu/menunodegui.lua" source_file="lib/managers/menu/menunodegui"/>
		<hook file="sc/tweak_data/assetstweakdata.lua" source_file="lib/tweak_data/assetstweakdata"/>
		<hook file="sc/tweak_data/tipstweakdata.lua" source_file="lib/tweak_data/tipstweakdata"/>
		<hook file="sc/tweak_data/achievementstweakdata.lua" source_file="lib/tweak_data/achievementstweakdata"/>
		<hook file="sc/units/load/enemyunitgroups.lua" source_file="lib/units/load/enemyunitgroups"/>
		<hook file="sc/managers/crimespreemanager.lua" source_file="lib/managers/crimespreemanager"/>
		<hook file="sc/units/player_team/actions/lower_body/criminalactionwalk.lua" source_file="lib/units/player_team/actions/lower_body/criminalactionwalk"/>
		<hook file="sc/managers/mission/elementspawngrenade.lua" source_file="lib/managers/mission/elementspawngrenade"/>
		<hook file="sc/managers/jobmanager.lua" source_file="lib/managers/jobmanager"/>
		<hook file="sc/units/weapons/quickflashgrenade.lua" source_file="lib/units/weapons/grenades/quickflashgrenade"/>
		<hook file="sc/units/enemies/actions/upper_body/medicactionheal.lua" source_file="lib/units/enemies/medic/actions/upper_body/medicactionheal"/>
		<hook file="sc/tweak_data/hudiconstweakdata.lua" source_file="lib/tweak_data/hudiconstweakdata"/>
		<hook file="sc/units/weapons/npcraycastweaponbase.lua" source_file="lib/units/weapons/npcraycastweaponbase"/>
		<hook file="sc/tweak_data/timespeedeffecttweakdata.lua" source_file="lib/tweak_data/timespeedeffecttweakdata"/>
		<hook file="sc/units/civilians/civilianlogictravel.lua" source_file="lib/units/civilians/logics/civilianlogictravel"/>
		<hook file="sc/units/enemies/tankcopdamage.lua" source_file="lib/units/enemies/tank/tankcopdamage"/>
		<hook file="sc/units/enemies/husktankcopdamage.lua" source_file="lib/units/enemies/tank/husktankcopdamage"/>
		<hook file="sc/units/weapons/trip_mine/tripminebase.lua" source_file="lib/units/weapons/trip_mine/tripminebase"/>
		<hook file="sc/units/equipment/ammobagbase.lua" source_file="lib/units/equipment/ammo_bag/ammobagbase"/>
		<hook file="sc/units/weapons/concussiongrenade.lua" source_file="lib/units/weapons/grenades/concussiongrenade"/>
		<hook file="sc/tweak_data/moneytweakdata.lua" source_file="lib/tweak_data/moneytweakdata"/>
		<hook file="sc/units/contourext.lua" source_file="lib/units/contourext"/>
		<hook file="sc/units/weapons/incendiaryburstgrenade.lua" source_file="lib/units/weapons/grenades/incendiaryburstgrenade"/>
		<hook file="sc/tweak_data/tweakdatavr.lua" source_file="lib/tweak_data/tweakdatavr"/>
		<hook file="sc/units/player/handmelee.lua" source_file="lib/units/beings/player/handmelee"/>
		<hook file="sc/managers/snipergrazedamage.lua" source_file="lib/managers/player/snipergrazedamage"/>
		<hook file="sc/units/equipment/doctorbagbase.lua" source_file="lib/units/equipment/doctor_bag/doctorbagbase"/>
		<hook file="sc/units/equipment/sentrygunweapon.lua" source_file="lib/units/equipment/sentry_gun/sentrygunweapon"/>
		<hook file="sc/managers/menumanagerpd2.lua" source_file="lib/managers/menumanagerpd2"/>
		<hook file="sc/units/enemies/copsound.lua" source_file="lib/units/enemies/cop/copsound"/>
		<hook file="sc/managers/mission/elementmissionend.lua" source_file="lib/managers/mission/elementmissionend"/>
		<hook file="sc/tweak_data/skirmishtweakdata.lua" source_file="lib/tweak_data/skirmishtweakdata"/>
		<hook file="sc/managers/menumanager.lua" source_file="lib/managers/menumanager"/>
		<hook file="sc/network/handlers/unitnetworkhandler.lua" source_file="lib/network/handlers/unitnetworkhandler"/>
		<hook file="sc/units/equipment/sentrygunbase.lua" source_file="lib/units/equipment/sentry_gun/sentrygunbase"/>
		<hook file="sc/managers/experiencemanager.lua" source_file="lib/managers/experiencemanager"/>
		<hook file="sc/units/civilians/civilianlogicsurrender.lua" source_file="lib/units/civilians/logics/civilianlogicsurrender"/>
		<hook file="sc/units/equipment/sentrygunbrain.lua" source_file="lib/units/equipment/sentry_gun/sentrygunbrain"/>
		<hook file="sc/units/weapons/molotovgrenade.lua" source_file="lib/units/weapons/grenades/molotovgrenade"/>
		<hook file="sc/managers/trademanager.lua" source_file="lib/managers/trademanager"/>
		<hook file="sc/network/base/networkpeer.lua" source_file="lib/network/base/networkpeer"/>
		<hook file="sc/tweak_data/attentiontweakdata.lua" source_file="lib/tweak_data/attentiontweakdata"/>
		<hook file="sc/managers/gameplaycentralmanager.lua" source_file="lib/managers/gameplaycentralmanager"/>
		<hook file="sc/units/weapons/akimboweaponbase.lua" source_file="lib/units/weapons/akimboweaponbase"/>
		<hook file="sc/managers/hudmanagerpd2.lua" source_file="lib/managers/hudmanagerpd2"/>
		<hook file="sc/managers/hud/hudteammate.lua" source_file="lib/managers/hud/hudteammate"/>
		<hook file="sc/managers/menu/playerinventorygui.lua" source_file="lib/managers/menu/playerinventorygui"/>
		<!--///CRIMESPREE\\\-->
		<hook file="sc/modifiers/modifierheavies.lua" source_file="lib/modifiers/modifierheavies"/>
		<hook file="sc/modifiers/modifierdozermedic.lua" source_file="lib/modifiers/modifierdozermedic"/>
		<hook file="sc/modifiers/modifierdozerminigun.lua" source_file="lib/modifiers/modifierdozerminigun"/>
		<hook file="sc/modifiers/modifierheavysniper.lua" source_file="lib/modifiers/modifierheavysniper"/>
		<hook file="sc/modifiers/modifiershieldphalanx.lua" source_file="lib/modifiers/modifiershieldphalanx"/>
		<hook file="sc/modifiers/modifiernohurtanims.lua" source_file="lib/modifiers/modifiernohurtanims"/>
		<hook file="sc/modifiers/modifierlessconcealment.lua" source_file="lib/modifiers/modifierlessconcealment"/>
		<hook file="sc/modifiers/modifierlesspagers.lua" source_file="lib/modifiers/modifierlesspagers"/>
		<hook file="sc/modifiers/modifiertaserovercharge.lua" source_file="lib/modifiers/modifiertaserovercharge"/>		
		<hook file="sc/modifiers/modifierdozerrage.lua" source_file="lib/modifiers/modifierdozerrage"/>	
		<hook file="sc/modifiers/modifiermedicadrenaline.lua" source_file="lib/modifiers/modifiermedicadrenaline"/>	
		<hook file="sc/modifiers/modifiercloakerarrest.lua" source_file="lib/modifiers/modifiercloakerarrest"/>
		<hook file="sc/modifiers/modifiercloakerkick.lua" source_file="lib/modifiers/modifiercloakerkick"/>	
		<hook file="sc/modifiers/modifiercloakerteargas.lua" source_file="lib/modifiers/modifiercloakerteargas"/>
		<hook file="sc/modifiers/modifierskulldozers.lua" source_file="lib/modifiers/modifierskulldozers"/>
		<!--///MUTATORS\\\-->
		<hook file="sc/managers/mutatorsmanager.lua" source_file="lib/managers/mutatorsmanager"/>
		<hook file="sc/mutators/mutatorcloakereffect.lua" source_file="lib/mutators/mutatorcloakereffect"/>
		<hook file="sc/mutators/mutatorenemydamage.lua" source_file="lib/mutators/mutatorenemydamage"/>
		<hook file="sc/mutators/mutatorenemyhealth.lua" source_file="lib/mutators/mutatorenemyhealth"/>
		<hook file="sc/mutators/mutatorfriendlyfire.lua" source_file="lib/mutators/mutatorfriendlyfire"/>
		<hook file="sc/mutators/mutatorshielddozers.lua" source_file="lib/mutators/mutatorshielddozers"/>
		<hook file="sc/mutators/mutatorhydra.lua" source_file="lib/mutators/mutatorhydra"/>
		<hook file="sc/mutators/mutatorenemyreplacer.lua" source_file="lib/mutators/mutatorenemyreplacer"/>
		<!--///NETWORKING\\\-->
		<hook file="sc/network/base/handlers/connectionnetworkhandler.lua" source_file="lib/network/base/handlers/connectionnetworkhandler"/>
		<hook file="sc/network/base/networkmanager.lua" source_file="lib/network/base/networkmanager"/>
		<hook file="sc/network/base/clientnetworksession.lua" source_file="lib/network/base/clientnetworksession"/>
		<hook file="sc/network/base/basenetworksession.lua" source_file="lib/network/base/basenetworksession"/>
		<!--hook file="sc/core/CoreSoundEnvironmentManagerNew.lua" source_file="core/lib/managers/coresoundenvironmentmanager"-->
		<!--///INGAME MANUAL\\\-->
		<hook file="managers/menu/IngameManualGUI.lua" source_file="lib/managers/menu/IngameManualGUI"/>
		<!--///MOD SAVE DATA\\\-->
		<!--DO NOT MODIFY-->
		<hook file="sc/managers/savefilemanager.lua" source_file="lib/managers/savefilemanager"/>
		<!--DO NOT MODIFY-->
		
		<hook file="sc/managers/customsafehousemanager.lua" source_file="lib/managers/customsafehousemanager"/>
		
    </Hooks>
    <Localization directory="loc" default="english.txt">
    </Localization>
	<!--///MOD SETTINGS\\\-->
    <Options name="Options" auto_build_menu="true" auto_load="true" save_file="restoration.txt" value_changed="RestorationCoreCallbacks:ValueChanged">
	    <options>
			<option_group name="HUD">
				<option_group name="Colors">
					<merge_data area_bg="half"/>
					<option type="color" default_value="Color(0.3, 0.77, 1)" name="ObjectivesBG" desc_id="RestorationModColorOption"/>
					<option type="color" default_value="Color.black" name="ObjectivesFG" desc_id="RestorationModColorOption"/>

					<option type="color" default_value="Color(1, 0.8, 0)" name="AssaultBG" desc_id="RestorationModColorOption"/>
					<option type="color" default_value="Color(1, 0.5, 0)" name="AssaultEndlessBG" desc_id="RestorationModColorOption"/>
					<option type="color" default_value="Color(0.12, 0.9, 0.12)" name="AssaultSurvivedBG" desc_id="RestorationModColorOption"/>
					<option type="color" default_value="Color.black" name="AssaultFG" desc_id="RestorationModColorOption"/>

					<option type="color" default_value="Color(0.6, 0.6, 0.6)" name="Stamina" desc_id="RestorationModColorOption"/>
					<option type="color" default_value="Color.white" name="StaminaThreshold" desc_id="RestorationModColorOption"/>

					<option type="color" default_value="Color.white" name="BagBitmap" desc_id="RestorationModColorOption"/>
					<option type="color" default_value="Color.black" name="BagText" desc_id="RestorationModColorOption"/>

					<option type="color" default_value="Color.red" name="NoReturnText" desc_id="RestorationModColorOption"/>
					<option type="color" default_value="Color.white" name="HostagesText" desc_id="RestorationModColorOption"/>
					<option type="color" default_value="Color.white" name="TimerText" desc_id="RestorationModColorOption"/>
					<option type="color" default_value="Color.white" name="HintText" desc_id="RestorationModColorOption"/>
					<option type="color" default_value="Color.white" name="MaskOnText" desc_id="RestorationModColorOption"/>
				</option_group>
				<option_group name="Extra">
					<merge_data area_bg="half"/>
					<option type="number" default_value="1" min="0.1" max="1.5" step="0.01" show_value="true" name="Scale"/>
					<option type="number" default_value="0.936" min="0.1" max="1" step="0.01" show_value="true" name="SizeOnScreen"/>
					<option type="bool" default_value="false" name="StealthOrigPos"/>
					<option type="bool" default_value="false" name="LowerBag"/>
					<!-- <option type="bool" default_value="false" name="CasingTicker"/> -->
				</option_group>
				<option_group name="UI">
					<merge_data area_bg="half"/>
						<option type="bool" default_value="false" name="Pause"/>
				</option_group>
				<option type="bool" default_value="false" name="MainHUD"/>
				<option type="bool" default_value="true" name="Teammate"/>
				<option type="bool" default_value="true" name="ObjectivesPanel"/>
				<option type="bool" default_value="true" name="AssaultPanel"/>
				<option type="multichoice" default_value="1" name="AssaultStyle" values_tbl="restoration.assault_style"/>
				<option type="bool" default_value="true" name="StaminaIndicator"/>
				<option type="bool" default_value="true" name="Waypoints"/>
				<option type="bool" default_value="true" name="NameLabels"/>
				<option type="bool" default_value="true" name="Presenter"/>
				<option type="bool" default_value="true" name="Interaction"/>
				<option type="bool" default_value="true" name="Stealth"/>
				<option type="bool" default_value="true" name="Down"/>
				<option type="bool" default_value="true" name="Bag"/>
				<option type="bool" default_value="true" name="HeistTimer"/>
				<option type="bool" default_value="true" name="Hint"/>
				<option type="bool" default_value="true" name="MaskOn"/>
				<option type="bool" default_value="false" name="Hostage"/>
				<option type="bool" default_value="false" name="Custody"/>
				<option type="bool" default_value="false" name="DifficultyMarkers"/>
				<option type="bool" default_value="false" name="BlackScreen"/>
				<option type="bool" default_value="false" name="Loadouts"/>
				<option type="bool" default_value="false" name="District"/>
			</option_group>
			<option_group name="SC">
				<option type="bool" default_value="false" name="SC" value_changed="RestorationCoreCallbacks:Restart"/>
				<option type="bool" default_value="true" name="Holiday"/>
				<!--<option type="bool" default_value="false" name="Save"/>-->
			</option_group>
			<option_group name="OTHER">
				<option type="bool" default_value="true" name="TimeOfDay"/>
				<option type="bool" default_value="true" name="Paintings"/>
				<option type="bool" default_value="true" name="Notify"/>
			</option_group>
        </options>
    </Options>
	<!--///PACKAGES\\\-->
	<Package id="packages/scassets" file="addSC.xml" use_clbk="self:LoadSCAssets"/>
	<Package id="packages/zombieassets" file="addzombie.xml"use_clbk="self:DebugLoadAssets"/>
	<Package id="packages/nypdassets" file="addNYPD.xml" use_clbk="self:DebugLoadAssets"/>	
	<Package id="packages/akanassets" file="addakan.xml" use_clbk="self:DebugLoadAssets"/>
	<Package id="packages/murkyassets" file="addmurky.xml" use_clbk="self:DebugLoadAssets"/>
	<Package id="packages/outfitassets" file="addoutfit.xml" use_clbk="self:DebugLoadAssets"/>
	<Package id="packages/outfitassets2" file="addoutfit_2.xml" use_clbk="self:DebugLoadAssets"/>
	<Package id="packages/outfitassets3" file="addoutfit_3.xml" use_clbk="self:DebugLoadAssets"/>
	<Package id="packages/addhudmisc" file="addhudmisc.xml"/>
</mod>
